week_start,week_end,week,month,year,theft,population_rate,education_rate,poverty_rate,inflation_rate,unemployment_rate,gdp,cpi
29/12/2014,04/01/2015,1,December,2014,948,0.35,22,13.6,0.1,6.1,2.9,-0.181205859
05/01/2015,11/01/2015,2,January,2015,839,0.35,22,13.6,0.1,6.1,2.9,-0.181205859
12/01/2015,18/01/2015,3,January,2015,1066,0.35,22,13.6,0.1,6.1,2.9,-0.181205859
19/01/2015,25/01/2015,4,January,2015,1124,0.35,22,13.6,0.1,6.1,2.9,-0.181205859
26/01/2015,01/02/2015,5,January,2015,954,0.35,22,13.6,0.1,6.1,2.9,-0.181205859
02/02/2015,08/02/2015,1,February,2015,782,0.35,22,13.6,0.1,6.1,2.9,-0.039406337
09/02/2015,15/02/2015,2,February,2015,834,0.35,22,13.6,0.1,6.1,2.9,-0.039406337
16/02/2015,22/02/2015,3,February,2015,817,0.35,22,13.6,0.1,6.1,2.9,-0.039406337
23/02/2015,01/03/2015,4,February,2015,821,0.35,22,13.6,0.1,6.1,2.9,-0.039406337
02/03/2015,08/03/2015,1,March,2015,867,0.35,22,13.6,0.1,6,2.9,0.727311
09/03/2015,15/03/2015,2,March,2015,1048,0.35,22,13.6,0.1,6,2.9,0.727311
16/03/2015,22/03/2015,3,March,2015,1000,0.35,22,13.6,0.1,6,2.9,0.727311
23/03/2015,29/03/2015,4,March,2015,933,0.35,22,13.6,0.1,6,2.9,0.727311
30/03/2015,05/04/2015,5,March,2015,1061,0.35,22,13.6,0.1,6,2.9,0.727311
06/04/2015,12/04/2015,1,April,2015,1004,0.35,22,13.6,0.1,6,2.9,0.131483
13/04/2015,19/04/2015,2,April,2015,1094,0.35,22,13.6,0.1,6,2.9,0.131483
20/04/2015,26/04/2015,3,April,2015,1062,0.35,22,13.6,0.1,6,2.9,0.131483
27/04/2015,03/05/2015,4,April,2015,1099,0.35,22,13.6,0.1,6,2.9,0.131483
04/05/2015,10/05/2015,1,May,2015,1080,0.35,22,13.6,0.1,6,2.9,0.346942
11/05/2015,17/05/2015,2,May,2015,1160,0.35,22,13.6,0.1,6,2.9,0.346942
18/05/2015,24/05/2015,3,May,2015,1102,0.35,22,13.6,0.1,6,2.9,0.346942
25/05/2015,31/05/2015,4,May,2015,1104,0.35,22,13.6,0.1,6,2.9,0.346942
01/06/2015,07/06/2015,1,June,2015,1142,0.35,22,13.6,0.1,6,2.9,0.150113
08/06/2015,14/06/2015,2,June,2015,1176,0.35,22,13.6,0.1,6,2.9,0.150113
15/06/2015,21/06/2015,3,June,2015,1213,0.35,22,13.6,0.1,6,2.9,0.150113
22/06/2015,28/06/2015,4,June,2015,1150,0.35,22,13.6,0.1,6,2.9,0.150113
29/06/2015,05/07/2015,1,June,2015,1167,0.35,22,13.6,0.1,6,2.9,0.150113
06/07/2015,12/07/2015,2,July,2015,1194,0.35,22,13.6,0.1,5.9,2.9,-0.108811075
13/07/2015,19/07/2015,3,July,2015,1243,0.35,22,13.6,0.1,5.9,2.9,-0.108811075
20/07/2015,26/07/2015,4,July,2015,1254,0.35,22,13.6,0.1,5.9,2.9,-0.108811075
27/07/2015,02/08/2015,5,July,2015,1320,0.35,22,13.6,0.1,5.9,2.9,-0.108811075
03/08/2015,09/08/2015,1,August,2015,1235,0.35,22,13.6,0.1,5.9,2.9,0.410783
10/08/2015,16/08/2015,2,August,2015,1239,0.35,22,13.6,0.1,5.9,2.9,0.410783
17/08/2015,23/08/2015,3,August,2015,1273,0.35,22,13.6,0.1,5.9,2.9,0.410783
24/08/2015,30/08/2015,4,August,2015,1260,0.35,22,13.6,0.1,5.9,2.9,0.410783
31/08/2015,06/09/2015,1,August,2015,1306,0.35,22,13.6,0.1,5.9,2.9,0.410783
07/09/2015,13/09/2015,2,September,2015,1109,0.35,22,13.6,0.1,5.9,2.9,-0.305410692
14/09/2015,20/09/2015,3,September,2015,1296,0.35,22,13.6,0.1,5.9,2.9,-0.305410692
21/09/2015,27/09/2015,4,September,2015,1138,0.35,22,13.6,0.1,5.9,2.9,-0.305410692
28/09/2015,04/10/2015,5,September,2015,1167,0.35,22,13.6,0.1,5.9,2.9,-0.305410692
05/10/2015,11/10/2015,1,October,2015,1145,0.35,22,13.6,0.1,5.9,2.9,-0.098765
12/10/2015,18/10/2015,2,October,2015,1148,0.35,22,13.6,0.1,5.9,2.9,-0.098765
19/10/2015,25/10/2015,3,October,2015,1226,0.35,22,13.6,0.1,5.9,2.9,-0.098765
26/10/2015,01/11/2015,4,October,2015,1162,0.35,22,13.6,0.1,5.9,2.9,-0.098765
02/11/2015,08/11/2015,1,November,2015,1179,0.35,22,13.6,0.1,6,2.9,-0.419510061
09/11/2015,15/11/2015,2,November,2015,1068,0.35,22,13.6,0.1,6,2.9,-0.419510061
16/11/2015,22/11/2015,3,November,2015,1021,0.35,22,13.6,0.1,6,2.9,-0.419510061
23/11/2015,29/11/2015,4,November,2015,954,0.35,22,13.6,0.1,6,2.9,-0.419510061
30/11/2015,06/12/2015,1,November,2015,1118,0.35,22,13.6,0.1,6.1,2.9,-0.419510061
07/12/2015,13/12/2015,2,December,2015,1245,0.35,22,13.6,0.1,6.1,2.9,-0.601824803
14/12/2015,20/12/2015,3,December,2015,1234,0.35,22,13.6,0.1,6.1,2.9,-0.601824803
21/12/2015,27/12/2015,4,December,2015,1054,0.35,22,13.6,0.1,6.1,2.9,-0.601824803
28/12/2015,03/01/2016,5,December,2015,946,0.35,22,13.6,0.1,6.1,2.9,-0.601824803
04/01/2016,10/01/2016,1,January,2016,1007,0.35,23.3,13,1.3,6.2,1.8,0.753963
11/01/2016,17/01/2016,2,January,2016,927,0.35,23.3,13,1.3,6.2,1.8,0.753963
18/01/2016,24/01/2016,3,January,2016,1062,0.35,23.3,13,1.3,6.2,1.8,0.753963
25/01/2016,31/01/2016,4,January,2016,1081,0.35,23.3,13,1.3,6.2,1.8,0.753963
01/02/2016,07/02/2016,1,February,2016,981,0.35,23.3,13,1.3,6.2,1.8,-0.236427359
08/02/2016,14/02/2016,2,February,2016,883,0.35,23.3,13,1.3,6.2,1.8,-0.236427359
15/02/2016,21/02/2016,3,February,2016,1002,0.35,23.3,13,1.3,6.2,1.8,-0.236427359
22/02/2016,28/02/2016,4,February,2016,990,0.35,23.3,13,1.3,6.2,1.8,-0.236427359
29/02/2016,06/03/2016,1,March,2016,1045,0.35,23.3,13,1.3,6.2,1.8,0.149491
07/03/2016,13/03/2016,2,March,2016,1065,0.35,23.3,13,1.3,6.2,1.8,0.149491
14/03/2016,20/03/2016,3,March,2016,1056,0.35,23.3,13,1.3,6.2,1.8,0.149491
21/03/2016,27/03/2016,4,March,2016,1002,0.35,23.3,13,1.3,6.2,1.8,0.149491
28/03/2016,03/04/2016,5,March,2016,1139,0.35,23.3,13,1.3,6.2,1.8,0.149491
04/04/2016,10/04/2016,1,April,2016,1053,0.35,23.3,13,1.3,6.1,1.8,0.622975
11/04/2016,17/04/2016,2,April,2016,1058,0.35,23.3,13,1.3,6.1,1.8,0.622975
18/04/2016,24/04/2016,3,April,2016,1095,0.35,23.3,13,1.3,6.1,1.8,0.622975
25/04/2016,01/05/2016,4,April,2016,1058,0.35,23.3,13,1.3,6.1,1.8,0.622975
02/05/2016,08/05/2016,1,May,2016,1102,0.35,23.3,13,1.3,6,1.8,0.021815
09/05/2016,15/05/2016,2,May,2016,1122,0.35,23.3,13,1.3,6,1.8,0.021815
16/05/2016,22/05/2016,3,May,2016,1151,0.35,23.3,13,1.3,6,1.8,0.021815
23/05/2016,29/05/2016,4,May,2016,1186,0.35,23.3,13,1.3,6,1.8,0.021815
30/05/2016,05/06/2016,1,June,2016,1194,0.35,23.3,13,1.3,5.9,1.8,0.477215
06/06/2016,12/06/2016,2,June,2016,1228,0.35,23.3,13,1.3,5.9,1.8,0.477215
13/06/2016,19/06/2016,3,June,2016,1252,0.35,23.3,13,1.3,5.9,1.8,0.477215
20/06/2016,26/06/2016,4,June,2016,1265,0.35,23.3,13,1.3,5.9,1.8,0.477215
27/06/2016,03/07/2016,5,June,2016,1249,0.35,23.3,13,1.3,5.9,1.8,0.477215
04/07/2016,10/07/2016,1,July,2016,1222,0.35,23.3,13,1.3,5.8,1.8,-0.8192202
11/07/2016,17/07/2016,2,July,2016,1241,0.35,23.3,13,1.3,5.8,1.8,-0.8192202
18/07/2016,24/07/2016,3,July,2016,1351,0.35,23.3,13,1.3,5.8,1.8,-0.8192202
25/07/2016,31/07/2016,4,July,2016,1502,0.35,23.3,13,1.3,5.8,1.8,-0.8192202
01/08/2016,07/08/2016,1,August,2016,1340,0.35,23.3,13,1.3,5.8,1.8,0.219738
08/08/2016,14/08/2016,2,August,2016,1305,0.35,23.3,13,1.3,5.8,1.8,0.219738
15/08/2016,21/08/2016,3,August,2016,1408,0.35,23.3,13,1.3,5.8,1.8,0.219738
22/08/2016,28/08/2016,4,August,2016,1340,0.35,23.3,13,1.3,5.8,1.8,0.219738
29/08/2016,04/09/2016,1,September,2016,1406,0.35,23.3,13,1.3,5.7,1.8,0.579151
05/09/2016,11/09/2016,2,September,2016,1298,0.35,23.3,13,1.3,5.7,1.8,0.579151
12/09/2016,18/09/2016,3,September,2016,1358,0.35,23.3,13,1.3,5.7,1.8,0.579151
19/09/2016,25/09/2016,4,September,2016,1361,0.35,23.3,13,1.3,5.7,1.8,0.579151
26/09/2016,02/10/2016,5,September,2016,1307,0.35,23.3,13,1.3,5.7,1.8,0.579151
03/10/2016,09/10/2016,1,October,2016,1239,0.35,23.3,13,1.3,5.7,1.8,0.097272
10/10/2016,16/10/2016,2,October,2016,1323,0.35,23.3,13,1.3,5.7,1.8,0.097272
17/10/2016,23/10/2016,3,October,2016,1267,0.35,23.3,13,1.3,5.7,1.8,0.097272
24/10/2016,30/10/2016,4,October,2016,1324,0.35,23.3,13,1.3,5.7,1.8,0.097272
31/10/2016,06/11/2016,1,November,2016,1305,0.35,23.3,13,1.3,5.6,1.8,0.200862
07/11/2016,13/11/2016,2,November,2016,1217,0.35,23.3,13,1.3,5.6,1.8,0.200862
14/11/2016,20/11/2016,3,November,2016,1212,0.35,23.3,13,1.3,5.6,1.8,0.200862
21/11/2016,27/11/2016,4,November,2016,1158,0.35,23.3,13,1.3,5.6,1.8,0.200862
28/11/2016,04/12/2016,1,December,2016,1301,0.35,23.3,13,1.3,5.4,1.8,-0.213448558
05/12/2016,11/12/2016,2,December,2016,1083,0.35,23.3,13,1.3,5.4,1.8,-0.213448558
12/12/2016,18/12/2016,3,December,2016,1045,0.35,23.3,13,1.3,5.4,1.8,-0.213448558
19/12/2016,25/12/2016,4,December,2016,1105,0.35,23.3,13,1.3,5.4,1.8,-0.213448558
26/12/2016,01/01/2017,5,December,2016,1129,0.35,23.3,13,1.3,5.4,1.8,-0.213448558
02/01/2017,08/01/2017,1,January,2017,909,0.35,21.7,12.6,2.1,5.3,2.5,0.728492
09/01/2017,15/01/2017,2,January,2017,1081,0.35,21.7,12.6,2.1,5.3,2.5,0.728492
16/01/2017,22/01/2017,3,January,2017,1234,0.35,21.7,12.6,2.1,5.3,2.5,0.728492
23/01/2017,29/01/2017,4,January,2017,1209,0.35,21.7,12.6,2.1,5.3,2.5,0.728492
30/01/2017,05/02/2017,1,February,2017,1152,0.35,21.7,12.6,2.1,5.1,2.5,0.144731
06/02/2017,12/02/2017,2,February,2017,1112,0.35,21.7,12.6,2.1,5.1,2.5,0.144731
13/02/2017,19/02/2017,3,February,2017,1187,0.35,21.7,12.6,2.1,5.1,2.5,0.144731
20/02/2017,26/02/2017,4,February,2017,987,0.35,21.7,12.6,2.1,5.1,2.5,0.144731
27/02/2017,05/03/2017,1,March,2017,1028,0.35,21.7,12.6,2.1,5,2.5,-0.114413031
06/03/2017,12/03/2017,2,March,2017,1013,0.35,21.7,12.6,2.1,5,2.5,-0.114413031
13/03/2017,19/03/2017,3,March,2017,906,0.35,21.7,12.6,2.1,5,2.5,-0.114413031
20/03/2017,26/03/2017,4,March,2017,1034,0.35,21.7,12.6,2.1,5,2.5,-0.114413031
27/03/2017,02/04/2017,5,March,2017,1155,0.35,21.7,12.6,2.1,4.9,2.5,0.362149
03/04/2017,09/04/2017,1,April,2017,1090,0.35,21.7,12.6,2.1,4.9,2.5,0.362149
10/04/2017,16/04/2017,2,April,2017,1089,0.35,21.7,12.6,2.1,4.9,2.5,0.362149
17/04/2017,23/04/2017,3,April,2017,1176,0.35,21.7,12.6,2.1,4.9,2.5,0.362149
24/04/2017,30/04/2017,4,April,2017,1110,0.35,21.7,12.6,2.1,4.9,2.5,0.362149
01/05/2017,07/05/2017,1,May,2017,1168,0.35,21.7,12.6,2.1,4.9,2.5,0.161757
08/05/2017,14/05/2017,2,May,2017,1200,0.35,21.7,12.6,2.1,4.9,2.5,0.161757
15/05/2017,21/05/2017,3,May,2017,1251,0.35,21.7,12.6,2.1,4.9,2.5,0.161757
22/05/2017,28/05/2017,4,May,2017,1221,0.35,21.7,12.6,2.1,4.9,2.5,0.161757
29/05/2017,04/06/2017,1,June,2017,1259,0.35,21.7,12.6,2.1,4.9,2.5,-0.015421323
05/06/2017,11/06/2017,2,June,2017,1357,0.35,21.7,12.6,2.1,4.9,2.5,-0.015421323
12/06/2017,18/06/2017,3,June,2017,1374,0.35,21.7,12.6,2.1,4.9,2.5,-0.015421323
19/06/2017,25/06/2017,4,June,2017,1355,0.35,21.7,12.6,2.1,4.9,2.5,-0.015421323
26/06/2017,02/07/2017,5,June,2017,1314,0.35,21.7,12.6,2.1,4.9,2.5,-0.015421323
03/07/2017,09/07/2017,1,July,2017,1307,0.35,21.7,12.6,2.1,5,2.5,0.045843
10/07/2017,16/07/2017,2,July,2017,1399,0.35,21.7,12.6,2.1,5,2.5,0.045843
17/07/2017,23/07/2017,3,July,2017,1425,0.35,21.7,12.6,2.1,5,2.5,0.045843
24/07/2017,30/07/2017,4,July,2017,1379,0.35,21.7,12.6,2.1,5,2.5,0.045843
31/07/2017,06/08/2017,1,August,2017,1732,0.35,21.7,12.6,2.1,5,2.5,0.293773
07/08/2017,13/08/2017,2,August,2017,1372,0.35,21.7,12.6,2.1,5,2.5,0.293773
14/08/2017,20/08/2017,3,August,2017,1497,0.35,21.7,12.6,2.1,5,2.5,0.293773
21/08/2017,27/08/2017,4,August,2017,1369,0.35,21.7,12.6,2.1,5,2.5,0.293773
28/08/2017,03/09/2017,5,August,2017,1238,0.35,21.7,12.6,2.1,5,2.5,0.293773
04/09/2017,10/09/2017,1,September,2017,1166,0.35,21.7,12.6,2.1,4.9,2.5,0.417165
11/09/2017,17/09/2017,2,September,2017,1376,0.35,21.7,12.6,2.1,4.9,2.5,0.417165
18/09/2017,24/09/2017,3,September,2017,1312,0.35,21.7,12.6,2.1,4.9,2.5,0.417165
25/09/2017,01/10/2017,4,September,2017,1324,0.35,21.7,12.6,2.1,4.9,2.5,0.417165
02/10/2017,08/10/2017,1,October,2017,1317,0.35,21.7,12.6,2.1,4.9,2.5,-0.432865459
09/10/2017,15/10/2017,2,October,2017,1254,0.35,21.7,12.6,2.1,4.9,2.5,-0.432865459
16/10/2017,22/10/2017,3,October,2017,1369,0.35,21.7,12.6,2.1,4.9,2.5,-0.432865459
23/10/2017,29/10/2017,4,October,2017,1298,0.35,21.7,12.6,2.1,4.9,2.5,-0.432865459
30/10/2017,05/11/2017,1,November,2017,1228,0.35,21.7,12.6,2.1,4.8,2.5,0.447132
06/11/2017,12/11/2017,2,November,2017,1222,0.35,21.7,12.6,2.1,4.8,2.5,0.447132
13/11/2017,19/11/2017,3,November,2017,1268,0.35,21.7,12.6,2.1,4.8,2.5,0.447132
20/11/2017,26/11/2017,4,November,2017,1187,0.35,21.7,12.6,2.1,4.8,2.5,0.447132
27/11/2017,03/12/2017,5,November,2017,1387,0.35,21.7,12.6,2.1,4.8,2.5,0.447132
04/12/2017,10/12/2017,1,December,2017,1209,0.35,21.7,12.6,2.1,4.7,2.5,-0.38817037
11/12/2017,17/12/2017,2,December,2017,1318,0.35,21.7,12.6,2.1,4.7,2.5,-0.38817037
18/12/2017,24/12/2017,3,December,2017,1379,0.35,21.7,12.6,2.1,4.7,2.5,-0.38817037
25/12/2017,31/12/2017,4,December,2017,896,0.35,21.7,12.6,2.1,4.7,2.5,-0.38817037
01/01/2018,07/01/2018,1,January,2018,869,0.35,21.7,12.1,2.4,4.6,3,0.842535
08/01/2018,14/01/2018,2,January,2018,1006,0.35,21.7,12.1,2.4,4.6,3,0.842535
15/01/2018,21/01/2018,3,January,2018,1001,0.35,21.7,12.1,2.4,4.6,3,0.842535
22/01/2018,28/01/2018,4,January,2018,1087,0.35,21.7,12.1,2.4,4.6,3,0.842535
29/01/2018,04/02/2018,1,February,2018,1052,0.35,21.7,12.1,2.4,4.5,3,0.016507
05/02/2018,11/02/2018,2,February,2018,755,0.35,21.7,12.1,2.4,4.5,3,0.016507
12/02/2018,18/02/2018,3,February,2018,919,0.35,21.7,12.1,2.4,4.5,3,0.016507
19/02/2018,25/01/2018,4,February,2018,963,0.35,21.7,12.1,2.4,4.5,3,0.016507
26/02/2018,04/03/2018,1,March,2018,951,0.35,21.7,12.1,2.4,4.4,3,0.034701
05/03/2018,11/03/2018,2,March,2018,944,0.35,21.7,12.1,2.4,4.4,3,0.034701
12/03/2018,18/02/2018,3,March,2018,1004,0.35,21.7,12.1,2.4,4.4,3,0.034701
19/03/2018,25/03/2018,4,March,2018,995,0.35,21.7,12.1,2.4,4.4,3,0.034701
26/03/2018,01/04/2018,5,March,2018,1017,0.35,21.7,12.1,2.4,4.4,3,0.034701
02/04/2018,08/04/2018,1,April,2018,961,0.35,21.7,12.1,2.4,4.3,3,0.656548
09/04/2018,15/04/2018,2,April,2018,1100,0.35,21.7,12.1,2.4,4.3,3,0.656548
16/04/2018,22/04/2018,3,April,2018,1054,0.35,21.7,12.1,2.4,4.3,3,0.656548
23/04/2018,29/04/2018,4,April,2018,1169,0.35,21.7,12.1,2.4,4.3,3,0.656548
30/04/2018,06/05/2018,1,May,2018,1197,0.35,21.7,12.1,2.4,4.3,3,0.407666
07/05/2018,13/05/2018,2,May,2018,1164,0.35,21.7,12.1,2.4,4.3,3,0.407666
14/05/2018,20/05/2018,3,May,2018,1175,0.35,21.7,12.1,2.4,4.3,3,0.407666
21/05/2018,27/05/2018,4,May,2018,1162,0.35,21.7,12.1,2.4,4.3,3,0.407666
28/05/2018,03/06/2018,5,May,2018,1274,0.35,21.7,12.1,2.4,4.3,3,0.407666
04/06/2018,10/06/2018,1,June,2018,1255,0.35,21.7,12.1,2.4,4.2,3,0.409555
11/06/2018,17/06/2018,2,June,2018,1228,0.35,21.7,12.1,2.4,4.2,3,0.409555
18/06/2018,24/06/2018,3,June,2018,1320,0.35,21.7,12.1,2.4,4.2,3,0.409555
25/06/2018,01/07/2018,4,June,2018,1353,0.35,21.7,12.1,2.4,4.2,3,0.409555
02/07/2018,08/07/2018,1,July,2018,1220,0.35,21.7,12.1,2.4,4.3,3,-0.154870035
09/07/2018,15/07/2018,2,July,2018,1308,0.35,21.7,12.1,2.4,4.3,3,-0.154870035
16/07/2018,22/07/2018,3,July,2018,1282,0.35,21.7,12.1,2.4,4.3,3,-0.154870035
23/07/2018,29/07/2018,4,July,2018,1282,0.35,21.7,12.1,2.4,4.3,3,-0.154870035
30/07/2018,05/08/2018,1,August,2018,1535,0.35,21.7,12.1,2.4,4.3,3,-0.280875325
06/08/2018,12/08/2018,2,August,2018,1372,0.35,21.7,12.1,2.4,4.3,3,-0.280875325
13/08/2018,19/08/2018,3,August,2018,1363,0.35,21.7,12.1,2.4,4.3,3,-0.280875325
20/08/2018,26/08/2018,4,August,2018,1246,0.35,21.7,12.1,2.4,4.3,3,-0.280875325
27/08/2018,02/09/2018,5,August,2018,1284,0.35,21.7,12.1,2.4,4.3,3,-0.280875325
03/09/2018,09/09/2018,1,September,2018,1203,0.35,21.7,12.1,2.4,4.4,3,0.360776
10/09/2018,16/09/2018,2,September,2018,1206,0.35,21.7,12.1,2.4,4.4,3,0.360776
17/09/2018,23/09/2018,3,September,2018,1302,0.35,21.7,12.1,2.4,4.4,3,0.360776
24/09/2018,30/09/2018,4,September,2018,1249,0.35,21.7,12.1,2.4,4.4,3,0.360776
01/10/2018,07/10/2018,1,October,2018,1162,0.35,21.7,12.1,2.4,4.4,3,-0.027201547
08/10/2018,14/10/2018,2,October,2018,1121,0.35,21.7,12.1,2.4,4.4,3,-0.027201547
15/10/2018,21/10/2018,3,October,2018,1191,0.35,21.7,12.1,2.4,4.4,3,-0.027201547
22/10/2018,28/10/2018,4,October,2018,1227,0.35,21.7,12.1,2.4,4.4,3,-0.027201547
29/10/2018,04/11/2018,1,November,2018,1205,0.35,21.7,12.1,2.4,4.5,3,-0.578085495
05/11/2018,11/11/2018,2,November,2018,1107,0.35,21.7,12.1,2.4,4.5,3,-0.578085495
12/11/2018,18/11/2018,3,November,2018,1082,0.35,21.7,12.1,2.4,4.5,3,-0.578085495
19/11/2018,25/11/2018,4,November,2018,1131,0.35,21.7,12.1,2.4,4.5,3,-0.578085495
26/11/2018,02/12/2018,5,November,2018,1082,0.35,21.7,12.1,2.4,4.5,3,-0.578085495
03/12/2018,09/12/2018,1,December,2018,1201,0.35,21.7,12.1,2.4,4.6,3,-0.301038689
10/12/2018,16/12/2018,2,December,2018,1236,0.35,21.7,12.1,2.4,4.6,3,-0.301038689
17/12/2018,23/12/2018,3,December,2018,1371,0.35,21.7,12.1,2.4,4.6,3,-0.301038689
24/12/2018,30/12/2018,4,December,2018,937,0.35,21.7,12.1,2.4,4.6,3,-0.301038689
31/12/2018,06/01/2019,1,January,2019,1075,-0.02,20.4,11.5,1.8,4.6,3,0.600517
07/01/2019,13/01/2019,2,January,2019,1064,-0.02,20.4,11.5,1.8,4.6,3,0.600517
14/01/2019,20/01/2019,3,January,2019,972,-0.02,20.4,11.5,1.8,4.6,3,0.600517
21/01/2019,27/01/2019,4,January,2019,899,-0.02,20.4,11.5,1.8,4.6,3,0.600517
28/01/2019,03/02/2019,5,January,2019,777,-0.02,20.4,11.5,1.8,4.6,3,0.600517
04/02/2019,10/02/2019,1,February,2019,1079,-0.02,20.4,11.5,1.8,4.5,3,0.609106
11/02/2019,17/02/2019,2,February,2019,1033,-0.02,20.4,11.5,1.8,4.5,3,0.609106
18/02/2019,24/02/2019,3,February,2019,963,-0.02,20.4,11.5,1.8,4.5,3,0.609106
25/02/2019,03/03/2019,4,February,2019,916,-0.02,20.4,11.5,1.8,4.5,3,0.609106
04/03/2019,10/03/2019,1,March,2019,851,-0.02,20.4,11.5,1.8,4.4,2.5,0.146035
11/03/2019,17/03/2019,2,March,2019,963,-0.02,20.4,11.5,1.8,4.4,2.5,0.146035
18/03/2019,24/03/2019,3,March,2019,1023,-0.02,20.4,11.5,1.8,4.4,2.5,0.146035
25/03/2019,31/03/2019,4,March,2019,942,-0.02,20.4,11.5,1.8,4.4,2.5,0.146035
01/04/2019,07/04/2019,1,April,2019,970,-0.02,20.4,11.5,1.8,4.2,2.5,-0.12207
08/04/2019,14/04/2019,2,April,2019,1039,-0.02,20.4,11.5,1.8,4.2,2.5,-0.12207
15/04/2019,21/04/2019,3,April,2019,949,-0.02,20.4,11.5,1.8,4.2,2.5,-0.12207
22/04/2019,28/04/2019,4,April,2019,1025,-0.02,20.4,11.5,1.8,4.2,2.5,-0.12207
29/04/2019,05/05/2019,1,May,2019,1152,-0.02,20.4,11.5,1.8,4,2.5,0.847634
06/05/2019,12/05/2019,2,May,2019,1097,-0.02,20.4,11.5,1.8,4,2.5,0.847634
13/05/2019,19/05/2019,3,May,2019,1115,-0.02,20.4,11.5,1.8,4,2.5,0.847634
20/05/2019,26/05/2019,4,May,2019,1122,-0.02,20.4,11.5,1.8,4,2.5,0.847634
27/05/2019,02/06/2019,5,May,2019,1160,-0.02,20.4,11.5,1.8,4,2.5,0.847634
03/06/2019,09/06/2019,1,June,2019,1199,-0.02,20.4,11.5,1.8,3.8,2.5,-0.381786745
10/06/2019,16/06/2019,2,June,2019,1174,-0.02,20.4,11.5,1.8,3.8,2.5,-0.381786745
17/06/2019,23/06/2019,3,June,2019,1202,-0.02,20.4,11.5,1.8,3.8,2.5,-0.381786745
24/06/2019,30/06/2019,4,June,2019,1276,-0.02,20.4,11.5,1.8,3.8,2.5,-0.381786745
01/07/2019,07/07/2019,1,July,2019,1141,-0.02,20.4,11.5,1.8,3.8,2.5,0.313077
08/07/2019,14/07/2019,2,July,2019,1186,-0.02,20.4,11.5,1.8,3.8,2.5,0.313077
15/07/2019,21/07/2019,3,July,2019,1282,-0.02,20.4,11.5,1.8,3.8,2.5,0.313077
22/07/2019,28/07/2019,4,July,2019,1346,-0.02,20.4,11.5,1.8,3.8,2.5,0.313077
29/07/2019,04/08/2019,1,August,2019,1475,-0.02,20.4,11.5,1.8,3.7,2.5,0.163915
05/08/2019,11/08/2019,2,August,2019,1236,-0.02,20.4,11.5,1.8,3.7,2.5,0.163915
12/08/2019,18/08/2019,3,August,2019,1253,-0.02,20.4,11.5,1.8,3.7,2.5,0.163915
19/08/2019,25/08/2019,4,August,2019,1213,-0.02,20.4,11.5,1.8,3.7,2.5,0.163915
26/08/2019,01/09/2019,5,August,2019,1224,-0.02,20.4,11.5,1.8,3.7,2.5,0.163915
02/09/2019,08/09/2019,1,September,2019,1159,-0.02,20.4,11.5,1.8,3.7,2.5,0.168605
09/09/2019,15/09/2019,2,September,2019,1179,-0.02,20.4,11.5,1.8,3.7,2.5,0.168605
16/09/2019,22/09/2019,3,September,2019,1194,-0.02,20.4,11.5,1.8,3.7,2.5,0.168605
23/09/2019,29/09/2019,4,September,2019,1112,-0.02,20.4,11.5,1.8,3.7,2.5,0.168605
30/09/2019,06/10/2019,1,October,2019,1195,-0.02,20.4,11.5,1.8,3.7,2.5,0.347782
07/10/2019,13/10/2019,2,October,2019,1081,-0.02,20.4,11.5,1.8,3.7,2.5,0.347782
14/10/2019,20/10/2019,3,October,2019,1125,-0.02,20.4,11.5,1.8,3.7,2.5,0.347782
21/10/2019,27/10/2019,4,October,2019,1111,-0.02,20.4,11.5,1.8,3.7,2.5,0.347782
28/10/2019,03/11/2019,5,October,2019,1045,-0.02,20.4,11.5,1.8,3.7,2.5,0.347782
04/11/2019,10/11/2019,1,November,2019,1002,-0.02,20.4,11.5,1.8,3.6,2.5,-0.2364
11/11/2019,17/11/2019,2,November,2019,1001,-0.02,20.4,11.5,1.8,3.6,2.5,-0.2364
18/11/2019,24/11/2019,3,November,2019,1087,-0.02,20.4,11.5,1.8,3.6,2.5,-0.2364
25/11/2019,01/12/2019,4,November,2019,1058,-0.02,20.4,11.5,1.8,3.6,2.5,-0.2364
02/12/2019,08/12/2019,1,December,2019,1282,-0.02,20.4,11.5,1.8,3.6,2.5,-0.23984
09/12/2019,15/12/2019,2,December,2019,1213,-0.02,20.4,11.5,1.8,3.6,2.5,-0.23984
16/12/2019,22/12/2019,3,December,2019,1186,-0.02,20.4,11.5,1.8,3.6,2.5,-0.23984
23/12/2019,29/12/2019,4,December,2019,949,-0.02,20.4,11.5,1.8,3.6,2.5,-0.23984
30/12/2019,05/01/2020,1,January,2020,903,0.03,37.5,12,1.2,3.7,-2.2,0.942667
06/01/2020,12/01/2020,2,January,2020,981,0.03,37.5,12,1.2,3.7,-2.2,0.942667
13/01/2020,19/01/2020,3,January,2020,957,0.03,37.5,12,1.2,3.7,-2.2,0.942667
20/01/2020,26/01/2020,4,January,2020,918,0.03,37.5,12,1.2,3.7,-2.2,0.942667
27/01/2020,02/02/2020,5,January,2020,1027,0.03,37.5,12,1.2,3.7,-2.2,0.942667
03/02/2020,09/02/2020,1,February,2020,991,0.03,37.5,12,1.2,3.9,-2.2,0.018825
10/02/2020,16/02/2020,2,February,2020,904,0.03,37.5,12,1.2,3.9,-2.2,0.018825
17/02/2020,23/02/2020,3,February,2020,944,0.03,37.5,12,1.2,3.9,-2.2,0.018825
24/02/2020,01/03/2020,4,February,2020,844,0.03,37.5,12,1.2,3.9,-2.2,0.018825
02/03/2020,08/03/2020,1,March,2020,910,0.03,37.5,12,1.2,5.1,-2.2,-0.71684
09/03/2020,15/03/2020,2,March,2020,837,0.03,37.5,12,1.2,5.1,-2.2,-0.71684
16/03/2020,22/03/2020,3,March,2020,642,0.03,37.5,12,1.2,5.1,-2.2,-0.71684
23/03/2020,29/03/2020,4,March,2020,544,0.03,37.5,12,1.2,5.1,-2.2,-0.71684
30/03/2020,05/04/2020,1,April,2020,578,0.03,37.5,12,1.2,18.1,-2.2,-0.94414
06/04/2020,12/04/2020,2,April,2020,519,0.03,37.5,12,1.2,18.1,-2.2,-0.94414
13/04/2020,19/04/2020,3,April,2020,507,0.03,37.5,12,1.2,18.1,-2.2,-0.94414
20/04/2020,26/04/2020,4,April,2020,573,0.03,37.5,12,1.2,18.1,-2.2,-0.94414
27/04/2020,03/05/2020,5,April,2020,572,0.03,37.5,12,1.2,18.1,-2.2,-0.94414
04/05/2020,10/05/2020,1,May,2020,595,0.03,37.5,12,1.2,14.7,-2.2,0.951058
11/05/2020,17/05/2020,2,May,2020,594,0.03,37.5,12,1.2,14.7,-2.2,0.951058
18/05/2020,24/05/2020,3,May,2020,604,0.03,37.5,12,1.2,14.7,-2.2,0.951058
25/05/2020,31/05/2020,4,May,2020,625,0.03,37.5,12,1.2,14.7,-2.2,0.951058
01/06/2020,07/06/2020,1,June,2020,562,0.03,37.5,12,1.2,12.6,-2.2,0.339996
08/06/2020,14/06/2020,2,June,2020,641,0.03,37.5,12,1.2,12.6,-2.2,0.339996
15/06/2020,21/06/2020,3,June,2020,710,0.03,37.5,12,1.2,12.6,-2.2,0.339996
22/06/2020,28/06/2020,4,June,2020,715,0.03,37.5,12,1.2,12.6,-2.2,0.339996
29/06/2020,05/07/2020,1,July,2020,752,0.03,37.5,12,1.2,11.4,-2.2,-1.27775
06/07/2020,12/07/2020,2,July,2020,757,0.03,37.5,12,1.2,11.4,-2.2,-1.27775
13/07/2020,19/07/2020,3,July,2020,773,0.03,37.5,12,1.2,11.4,-2.2,-1.27775
20/07/2020,26/07/2020,4,July,2020,760,0.03,37.5,12,1.2,11.4,-2.2,-1.27775
27/07/2020,02/08/2020,5,July,2020,750,0.03,37.5,12,1.2,11.4,-2.2,-1.27775
03/08/2020,09/08/2020,1,August,2020,765,0.03,37.5,12,1.2,9.7,-2.2,1.654574
10/08/2020,16/08/2020,2,August,2020,758,0.03,37.5,12,1.2,9.7,-2.2,1.654574
17/08/2020,23/08/2020,3,August,2020,842,0.03,37.5,12,1.2,9.7,-2.2,1.654574
24/08/2020,30/08/2020,4,August,2020,884,0.03,37.5,12,1.2,9.7,-2.2,1.654574
31/08/2020,06/09/2020,1,September,2020,832,0.03,37.5,12,1.2,9,-2.2,0.574607
07/09/2020,13/09/2020,2,September,2020,808,0.03,37.5,12,1.2,9,-2.2,0.574607
14/09/2020,20/09/2020,3,September,2020,758,0.03,37.5,12,1.2,9,-2.2,0.574607
21/09/2020,27/09/2020,4,September,2020,765,0.03,37.5,12,1.2,9,-2.2,0.574607
28/09/2020,04/10/2020,1,October,2020,706,0.03,37.5,12,1.2,8.1,-2.2,0.574607
05/10/2020,11/10/2020,2,October,2020,753,0.03,37.5,12,1.2,8.1,-2.2,0.574607
12/10/2020,18/10/2020,3,October,2020,770,0.03,37.5,12,1.2,8.1,-2.2,0.574607
19/10/2020,25/10/2020,4,October,2020,669,0.03,37.5,12,1.2,8.1,-2.2,0.574607
26/10/2020,01/11/2020,5,October,2020,755,0.03,37.5,12,1.2,8.1,-2.2,0.574607
02/11/2020,08/11/2020,1,November,2020,671,0.03,37.5,12,1.2,7.8,-2.2,-0.39661
09/11/2020,15/11/2020,2,November,2020,629,0.03,37.5,12,1.2,7.8,-2.2,-0.39661
16/11/2020,22/11/2020,3,November,2020,671,0.03,37.5,12,1.2,7.8,-2.2,-0.39661
23/11/2020,29/11/2020,4,November,2020,557,0.03,37.5,12,1.2,7.8,-2.2,-0.39661
30/11/2020,06/12/2020,1,December,2020,707,0.03,37.5,12,1.2,7.6,-2.2,-0.15331
07/12/2020,13/12/2020,2,December,2020,640,0.03,37.5,12,1.2,7.6,-2.2,-0.15331
14/12/2020,20/12/2020,3,December,2020,623,0.03,37.5,12,1.2,7.6,-2.2,-0.15331
21/12/2020,27/12/2020,4,December,2020,554,0.03,37.5,12,1.2,7.6,-2.2,-0.15331
28/12/2020,03/01/2021,5,December,2020,475,0.03,37.5,12,1.2,7.6,-2.2,-0.15331
04/01/2021,10/01/2021,1,January,2021,639,0.14,20.8,12.1,4.7,7.2,5.8,0.72594
11/01/2021,17/01/2021,2,January,2021,635,0.14,20.8,12.1,4.7,7.2,5.8,0.72594
18/01/2021,24/01/2021,3,January,2021,617,0.14,20.8,12.1,4.7,7.2,5.8,0.72594
25/01/2021,31/01/2021,4,January,2021,553,0.14,20.8,12.1,4.7,7.2,5.8,0.72594
01/02/2021,07/02/2021,1,February,2021,505,0.14,20.8,12.1,4.7,7,5.8,0.560551
08/02/2021,14/02/2021,2,February,2021,529,0.14,20.8,12.1,4.7,7,5.8,0.560551
15/02/2021,21/02/2021,3,February,2021,451,0.14,20.8,12.1,4.7,7,5.8,0.560551
22/02/2021,28/02/2021,4,February,2021,640,0.14,20.8,12.1,4.7,7,5.8,0.560551
01/03/2021,07/03/2021,1,March ,2021,662,0.14,20.8,12.1,4.7,6.8,5.8,0.645547
08/03/2021,14/03/2021,2,March ,2021,609,0.14,20.8,12.1,4.7,6.8,5.8,0.645547
15/03/2021,21/03/2021,3,March ,2021,571,0.14,20.8,12.1,4.7,6.8,5.8,0.645547
22/03/2021,28/03/2021,4,March ,2021,620,0.14,20.8,12.1,4.7,6.7,5.8,0.645547
29/03/2021,04/04/2021,1,April,2021,676,0.14,20.8,12.1,4.7,6.7,5.8,1.006892
05/04/2021,11/04/2021,2,April,2021,620,0.14,20.8,12.1,4.7,6.7,5.8,1.006892
12/04/2021,18/04/2021,3,April,2021,628,0.14,20.8,12.1,4.7,6.7,5.8,1.006892
19/04/2021,25/04/2021,4,April,2021,643,0.14,20.8,12.1,4.7,6.5,5.8,1.006892
26/04/2021,02/05/2021,5,April,2021,714,0.14,20.8,12.1,4.7,6.5,5.8,1.006892
03/05/2021,09/05/2021,1,May,2021,679,0.14,20.8,12.1,4.7,6.5,5.8,0.971407
10/05/2021,16/05/2021,2,May,2021,770,0.14,20.8,12.1,4.7,6.5,5.8,0.971407
17/05/2021,23/05/2021,3,May,2021,785,0.14,20.8,12.1,4.7,6.5,5.8,0.971407
24/05/2021,30/05/2021,4,May,2021,768,0.14,20.8,12.1,4.7,6.5,5.8,0.971407
31/05/2021,06/06/2021,1,June,2021,784,0.14,20.8,12.1,4.7,6.4,5.8,0.409555
07/06/2021,13/06/2021,2,June,2021,853,0.14,20.8,12.1,4.7,6.4,5.8,0.409555
14/06/2021,20/06/2021,3,June,2021,791,0.14,20.8,12.1,4.7,6.4,5.8,0.409555
21/06/2021,27/06/2021,4,June,2021,800,0.14,20.8,12.1,4.7,6.4,5.8,0.409555
28/06/2021,04/07/2021,1,July,2021,837,0.14,20.8,12.1,4.7,6.4,5.8,0.374548
05/07/2021,11/07/2021,2,July,2021,713,0.14,20.8,12.1,4.7,6.4,5.8,0.374548
12/07/2021,18/07/2021,3,July,2021,819,0.14,20.8,12.1,4.7,6.4,5.8,0.374548
19/07/2021,25/07/2021,4,July,2021,869,0.14,20.8,12.1,4.7,5.9,5.8,0.374548
26/07/2021,01/08/2021,5,July,2021,1180,0.14,20.8,12.1,4.7,5.9,5.8,0.374548
02/08/2021,08/08/2021,1,August,2021,801,0.14,20.8,12.1,4.7,5.9,5.8,0.058219
09/08/2021,15/08/2021,2,August,2021,802,0.14,20.8,12.1,4.7,5.9,5.8,0.058219
16/08/2021,22/08/2021,3,August,2021,919,0.14,20.8,12.1,4.7,5.9,5.8,0.058219
23/08/2021,29/08/2021,4,August,2021,921,0.14,20.8,12.1,4.7,5.5,5.8,0.058219
30/08/2021,05/09/2021,1,September,2021,935,0.14,20.8,12.1,4.7,5.5,5.8,0.313576
06/09/2021,12/09/2021,2,September,2021,854,0.14,20.8,12.1,4.7,5.5,5.8,0.313576
13/09/2021,19/09/2021,3,September,2021,936,0.14,20.8,12.1,4.7,5.5,5.8,0.313576
20/09/2021,26/09/2021,4,September,2021,958,0.14,20.8,12.1,4.7,5.2,5.8,0.313576
27/09/2021,03/10/2021,5,September,2021,1022,0.14,20.8,12.1,4.7,5.2,5.8,0.313576
04/10/2021,10/10/2021,1,October,2021,892,0.14,20.8,12.1,4.7,5.2,5.8,0.677356
11/10/2021,17/10/2021,2,October,2021,930,0.14,20.8,12.1,4.7,5.2,5.8,0.677356
18/10/2021,24/10/2021,3,October,2021,932,0.14,20.8,12.1,4.7,5.2,5.8,0.677356
25/10/2021,31/10/2021,4,October,2021,986,0.14,20.8,12.1,4.7,5,5.8,0.677356
01/11/2021,07/11/2021,1,November,2021,883,0.14,20.8,12.1,4.7,5,5.8,0.24476
08/11/2021,14/11/2021,2,November,2021,949,0.14,20.8,12.1,4.7,5,5.8,0.24476
15/11/2021,21/11/2021,3,November,2021,889,0.14,20.8,12.1,4.7,5,5.8,0.24476
22/11/2021,28/11/2021,4,November,2021,821,0.14,20.8,12.1,4.7,4.8,5.8,0.24476
29/11/2021,05/12/2021,1,December,2021,953,0.14,20.8,12.1,4.7,4.8,5.8,0.429694
06/12/2021,12/12/2021,2,December,2021,899,0.14,20.8,12.1,4.7,4.8,5.8,0.429694
13/12/2021,19/12/2021,3,December,2021,939,0.14,22.6,12.1,4.7,4.8,5.8,0.429694
20/12/2021,26/12/2021,4,December,2021,793,0.27,22.6,11.9,8,4.7,1.9,0.429694
27/12/2021,02/01/2022,15,December,2021,759,0.27,22.6,11.9,8,4.7,1.9,0.429694
03/01/2022,09/01/2022,1,January,2022,705,0.27,22.6,11.9,8,4.7,1.9,0.907178
10/01/2022,16/01/2022,2,January,2022,840,0.27,22.6,11.9,8,4.7,1.9,0.907178
17/01/2022,23/01/2022,3,January,2022,806,0.27,22.6,11.9,8,4.7,1.9,0.907178
24/01/2022,30/01/2022,4,January,2022,720,0.27,22.6,11.9,8,4.7,1.9,0.907178
31/01/2022,06/02/2022,1,February,2022,755,0.27,22.6,11.9,8,4.7,1.9,0.798538
07/02/2022,13/02/2022,2,February,2022,899,0.27,22.6,11.9,8,4.7,1.9,0.798538
14/02/2022,20/02/2022,3,February,2022,789,0.27,22.6,11.9,8,4.6,1.9,0.798538
21/02/2022,27/02/2022,4,February,2022,881,0.27,22.6,11.9,8,4.6,1.9,0.798538
28/02/2022,06/03/2022,1,March ,2022,962,0.27,22.6,11.9,8,4.6,1.9,1.355219
07/03/2022,13/03/2022,2,March ,2022,897,0.27,22.6,11.9,8,4.6,1.9,1.355219
14/03/2022,20/03/2022,3,March ,2022,996,0.27,22.6,11.9,8,4.6,1.9,1.355219
21/03/2022,27/03/2022,4,March ,2022,910,0.27,22.6,11.9,8,4.5,1.9,1.355219
28/03/2022,03/04/2022,5,March ,2022,918,0.27,22.6,11.9,8,4.5,1.9,1.355219
04/04/2022,10/04/2022,1,April,2022,753,0.27,22.6,11.9,8,4.5,1.9,2.192112
11/04/2022,17/04/2022,2,April,2022,855,0.27,22.6,11.9,8,4.5,1.9,2.192112
18/04/2022,24/04/2022,3,April,2022,973,0.27,22.6,11.9,8,4.5,1.9,2.192112
25/04/2022,01/05/2022,4,April,2022,977,0.27,22.6,11.9,8,4.5,1.9,2.192112
02/05/2022,08/05/2022,1,May,2022,936,0.27,22.6,11.9,8,4.5,1.9,-1.72511
09/05/2022,15/05/2022,2,May,2022,1043,0.27,22.6,11.9,8,4.5,1.9,-1.72511
16/05/2022,22/05/2022,3,May,2022,1097,0.27,22.6,11.9,8,4.5,1.9,-1.72511
23/05/2022,29/05/2022,4,May,2022,979,0.27,22.6,11.9,8,4.5,1.9,-1.72511
30/05/2022,05/06/2022,1,June,2022,1094,0.27,22.6,11.9,8,4.5,1.9,1.268315
06/06/2022,12/06/2022,2,June,2022,1140,0.27,22.6,11.9,8,4.5,1.9,1.268315
13/06/2022,19/06/2022,3,June,2022,1171,0.27,22.6,11.9,8,4.5,1.9,1.268315
20/06/2022,26/06/2022,4,June,2022,1234,0.27,22.6,11.9,8,4.5,1.9,1.268315
27/06/2022,03/07/2022,5,June,2022,1193,0.27,22.6,11.9,8,4.5,1.9,1.268315
04/07/2022,10/07/2022,1,July,2022,1129,0.27,22.6,11.9,8,4.5,1.9,-0.16884
11/07/2022,17/07/2022,2,July,2022,1268,0.27,22.6,11.9,8,4.5,1.9,-0.16884
18/07/2022,24/07/2022,3,July,2022,1234,0.27,22.6,11.9,8,4.5,1.9,-0.16884
25/07/2022,31/07/2022,4,July,2022,1614,0.27,22.6,11.9,8,4.5,1.9,-0.16884
01/08/2022,07/08/2022,1,August,2022,1214,0.27,22.6,11.9,8,4.5,1.9,0.051567
08/08/2022,14/08/2022,2,August,2022,1182,0.27,22.6,11.9,8,4.5,1.9,0.051567
15/08/2022,21/08/2022,3,August,2022,1007,0.27,22.6,11.9,8,4.5,1.9,0.051567
22/08/2022,28/08/2022,4,August,2022,1191,0.27,22.6,11.9,8,4.6,1.9,0.051567
29/08/2022,04/09/2022,1,September,2022,1197,0.27,22.6,11.9,8,4.6,1.9,0.207602
05/09/2022,11/09/2022,2,September,2022,1246,0.27,22.6,11.9,8,4.6,1.9,0.207602
12/09/2022,18/09/2022,3,September,2022,1131,0.27,22.6,11.9,8,4.6,1.9,0.207602
19/09/2022,25/09/2022,4,September,2022,1196,0.27,22.6,11.9,8,4.6,1.9,0.207602
26/09/2022,02/10/2022,5,September,2022,1212,0.27,22.6,11.9,8,4.6,1.9,0.207602
03/10/2022,09/10/2022,1,October,2022,1175,0.27,22.6,11.9,8,4.6,1.9,0.138474
10/10/2022,16/10/2022,2,October,2022,1162,0.27,22.6,11.9,8,4.6,1.9,0.138474
17/10/2022,23/10/2022,3,October,2022,1065,0.27,22.6,11.9,8,4.6,1.9,0.138474
24/10/2022,30/10/2022,4,October,2022,1190,0.27,22.6,11.9,8,4.6,1.9,0.138474
31/10/2022,06/11/2022,1,November,2022,1239,0.27,22.6,11.9,8,4.6,1.9,-0.55816
07/11/2022,13/11/2022,2,November,2022,1121,0.27,22.6,11.9,8,4.6,1.9,-0.55816
14/11/2022,20/11/2022,3,November,2022,1054,0.27,22.6,11.9,8,4.6,1.9,-0.55816
21/11/2022,27/11/2022,4,November,2022,1000,0.27,22.6,11.9,8,4.5,1.9,-0.55816
28/11/2022,04/12/2022,1,December,2022,1107,0.27,22.6,11.9,8,4.5,1.9,-0.82496
05/12/2022,11/12/2022,2,December,2022,1139,0.27,22.6,11.9,8,4.5,1.9,-0.82496
12/12/2022,18/12/2022,3,December,2022,1087,0.27,38.3,11.9,8,4.5,1.9,-0.82496
19/12/2022,25/12/2022,4,December,2022,841,0.4,38.3,11.6,4.1,4.4,2.5,-0.82496
26/12/2022,01/01/2023,5,December,2022,853,0.4,38.3,11.6,4.1,4.4,2.5,-0.82496
02/01/2023,08/01/2023,1,January,2023,934,0.4,38.3,11.6,4.1,4.4,2.5,0.875892737
09/01/2023,15/01/2023,2,January,2023,1050,0.4,38.3,11.6,4.1,4.4,2.5,0.875892737
16/01/2023,22/01/2023,3,January,2023,1030,0.4,38.3,11.6,4.1,4.4,2.5,0.875892737
23/01/2023,29/01/2023,4,January,2023,937,0.4,38.3,11.6,4.1,4.4,2.5,0.875892737
30/01/2023,05/02/2023,1,February,2023,919,0.4,38.3,11.6,4.1,4.3,2.5,0.359590154
06/02/2023,12/02/2023,2,February,2023,1036,0.4,38.3,11.6,4.1,4.3,2.5,0.359590154
13/02/2023,19/02/2023,3,February,2023,974,0.4,38.3,11.6,4.1,4.3,2.5,0.359590154
20/02/2023,26/02/2023,4,February,2023,880,0.4,38.3,11.6,4.1,4.3,2.5,0.359590154
27/02/2023,05/03/2023,1,March,2023,935,0.4,38.3,11.6,4.1,4.2,2.5,0.827763348
06/03/2023,12/03/2023,2,March,2023,986,0.4,38.3,11.6,4.1,4.2,2.5,0.827763348
13/03/2023,19/03/2023,3,March,2023,956,0.4,38.3,11.6,4.1,4.2,2.5,0.827763348
20/03/2023,26/03/2023,4,March,2023,1058,0.4,38.3,11.6,4.1,4.2,2.5,0.827763348
27/03/2023,02/04/2023,5,March,2023,1080,0.4,38.3,11.6,4.1,4.2,2.5,0.827763348
03/04/2023,09/04/2023,1,April,2023,958,0.4,38.3,11.6,4.1,4.2,2.5,0.764952066
10/04/2023,16/04/2023,2,April,2023,1012,0.4,38.3,11.6,4.1,4.2,2.5,0.764952066
17/04/2023,23/04/2023,3,April,2023,1079,0.4,38.3,11.6,4.1,4.2,2.5,0.764952066
24/04/2023,30/04/2023,4,April,2023,1030,0.4,38.3,11.6,4.1,4.2,2.5,0.764952066
01/05/2023,07/05/2023,1,May,2023,994,0.4,38.3,11.6,4.1,4.2,2.5,0.35124618
08/05/2023,14/05/2023,2,May,2023,1123,0.4,38.3,11.6,4.1,4.2,2.5,0.35124618
15/05/2023,21/05/2023,3,May,2023,1096,0.4,38.3,11.6,4.1,4.2,2.5,0.35124618
22/05/2023,28/05/2023,4,May,2023,1095,0.4,38.3,11.6,4.1,4.2,2.5,0.35124618
29/05/2023,04/06/2023,1,June,2023,1108,0.4,38.3,11.6,4.1,4.3,2.5,0.074801969
05/06/2023,11/06/2023,2,June,2023,1149,0.4,38.3,11.6,4.1,4.3,2.5,0.074801969
12/06/2023,18/06/2023,3,June,2023,1180,0.4,38.3,11.6,4.1,4.3,2.5,0.074801969
19/06/2023,25/06/2023,4,June,2023,1258,0.4,38.3,11.6,4.1,4.3,2.5,0.074801969
26/06/2023,02/07/2023,5,June,2023,1170,0.4,38.3,11.6,4.1,4.3,2.5,0.074801969
03/07/2023,09/07/2023,1,July,2023,1052,0.4,38.3,11.6,4.1,4.4,2.5,-0.034904998
10/07/2023,16/07/2023,2,July,2023,1230,0.4,38.3,11.6,4.1,4.4,2.5,-0.034904998
17/07/2023,23/07/2023,3,July,2023,1225,0.4,38.3,11.6,4.1,4.4,2.5,-0.034904998
24/07/2023,30/07/2023,4,July,2023,1163,0.4,38.3,11.6,4.1,4.4,2.5,-0.034904998
31/07/2023,06/08/2023,1,August,2023,1439,0.4,38.3,11.6,4.1,4.6,2.5,0.151307807
07/08/2023,13/08/2023,2,August,2023,1194,0.4,38.3,11.6,4.1,4.6,2.5,0.151307807
14/08/2023,20/08/2023,3,August,2023,1161,0.4,38.3,11.6,4.1,4.6,2.5,0.151307807
21/08/2023,27/08/2023,4,August,2023,1150,0.4,38.3,11.6,4.1,4.6,2.5,0.151307807
28/08/2023,03/09/2023,5,August,2023,1242,0.4,38.3,11.6,4.1,4.6,2.5,0.151307807
04/09/2023,10/09/2023,1,September,2023,1151,0.4,38.3,11.6,4.1,4.7,2.5,-13.95140814
11/09/2023,17/09/2023,2,September,2023,1072,0.4,38.3,11.6,4.1,4.7,2.5,-13.95140814
18/09/2023,24/09/2023,3,September,2023,1087,0.4,38.3,11.6,4.1,4.7,2.5,-13.95140814
25/09/2023,01/10/2023,4,September,2023,1241,0.4,38.3,11.6,4.1,4.7,2.5,-13.95140814
02/10/2023,08/10/2023,1,October,2023,1204,0.4,38.3,11.6,4.1,4.8,2.5,16.72662386
09/10/2023,15/10/2023,2,October,2023,1157,0.4,38.3,11.6,4.1,4.8,2.5,16.72662386
16/10/2023,22/10/2023,3,October,2023,1137,0.4,38.3,11.6,4.1,4.8,2.5,16.72662386
23/10/2023,29/10/2023,4,October,2023,1179,0.4,38.3,11.6,4.1,4.8,2.5,16.72662386
30/10/2023,05/11/2023,1,November,2023,1183,0.4,38.3,11.6,4.1,4.7,2.5,-0.474035013
06/11/2023,12/11/2023,2,November,2023,1134,0.4,38.3,11.6,4.1,4.7,2.5,-0.474035013
13/11/2023,19/11/2023,3,November,2023,1108,0.4,38.3,11.6,4.1,4.7,2.5,-0.474035013
20/11/2023,26/11/2023,4,November,2023,1040,0.4,38.3,11.6,4.1,4.7,2.5,-0.474035013
27/11/2023,03/12/2023,5,November,2023,1187,0.4,38.3,11.6,4.1,4.7,2.5,-0.474035013
04/12/2023,10/12/2023,1,December,2023,1144,0.4,38.3,11.6,4.1,4.7,2.5,-0.03487647
11/12/2023,17/12/2023,2,December,2023,1156,0.4,38.3,11.6,4.1,4.7,2.5,-0.03487647
18/12/2023,24/12/2023,3,December,2023,1274,0.4,38.3,11.6,4.1,4.7,2.5,-0.03487647
25/12/2023,31/12/2023,4,December,2023,977,0.4,38.3,11.6,4.1,4.7,2.5,-0.03487647
01/01/2024,07/01/2023,1,January,2024,978,0.53,43.6,16.93,2.95,4.7,1,0.797152523
08/01/2024,14/01/2024,2,January,2024,933,0.53,43.6,16.93,2.95,4.7,1,0.797152523
15/01/2024,21/01/2024,3,January,2024,857,0.53,43.6,16.93,2.95,4.7,1,0.797152523
22/01/2024,28/01/2024,4,January,2024,1091,0.53,43.6,16.93,2.95,4.7,1,0.797152523
29/01/2024,04/02/2024,1,February,2024,1100,0.53,43.6,16.93,2.95,4.8,1,0.479683381
05/02/2024,11/02/2024,2,February,2024,1153,0.53,43.6,16.93,2.95,4.8,1,0.479683381
12/02/2024,18/02/2024,3,February,2024,1002,0.53,43.6,16.93,2.95,4.8,1,0.479683381
19/02/2024,25/02/2024,4,February,2024,999,0.53,43.6,16.93,2.95,4.8,1,0.479683381
26/02/2024,03/03/2024,5,February,2024,1021,0.53,43.6,16.93,2.95,4.8,1,0.479683381
04/03/2024,10/03/2024,1,March,2024,1012,0.53,43.6,16.93,2.95,4.8,1,0.58282358
11/03/2024,17/03/2024,2,March,2024,1058,0.53,43.6,16.93,2.95,4.8,1,0.58282358
18/03/2024,24/03/2024,3,March,2024,1004,0.53,43.6,16.93,2.95,4.8,1,0.58282358
25/03/2024,31/03/2024,4,March,2024,989,0.53,43.6,16.93,2.95,4.8,1,0.58282358
01/04/2024,07/04/2024,1,April,2024,1007,0.53,43.6,16.93,2.95,4.4,1,-0.635574286
08/04/2024,14/04/2024,2,April,2024,1068,0.53,43.6,16.93,2.95,4.4,1,-0.635574286
15/04/2024,21/04/2024,3,April,2024,1054,0.53,43.6,16.93,2.95,4.4,1,-0.635574286
22/04/2024,28/04/2024,4,April,2024,1075,0.53,43.6,16.93,2.95,4.4,1,-0.635574286
29/04/2024,05/05/2024,1,May,2024,1088,0.53,43.6,16.93,2.95,4.8,1,0.414206065
06/05/2024,12/05/2024,2,May,2024,1112,0.53,43.6,16.93,2.95,4.8,1,0.414206065
13/05/2024,19/05/2024,3,May,2024,1130,0.53,43.6,16.93,2.95,4.8,1,0.414206065
20/05/2024,26/05/2024,4,May,2024,1263,0.53,43.6,16.93,2.95,4.8,1,0.414206065
27/05/2024,02/06/2024,5,May,2024,1240,0.53,43.6,16.93,2.95,4.8,1,0.414206065
03/06/2024,09/06/2024,1,June,2024,1192,0.53,43.6,16.93,2.95,4.9,1,-0.005819466
10/06/2024,16/06/2024,2,June,2024,1262,0.53,43.6,16.93,2.95,4.9,1,-0.005819466
17/06/2024,23/06/2024,3,June,2024,1370,0.53,43.6,16.93,2.95,4.9,1,-0.005819466
24/06/2024,30/06/2024,4,June,2024,1293,0.53,43.6,16.93,2.95,4.9,1,-0.005819466
01/07/2024,07/07/2024,1,July,2024,1339,0.53,43.6,16.93,2.95,5,1,0.628881297
08/07/2024,14/07/2024,2,July,2024,1339,0.53,43.6,16.93,2.95,5,1,0.628881297
15/07/2024,21/07/2024,3,July,2024,1338,0.53,43.6,16.93,2.95,5,1,0.628881297
22/07/2024,28/07/2024,4,July,2024,1415,0.53,43.6,16.93,2.95,5,1,0.628881297
29/07/2024,04/08/2024,1,August,2024,1395,0.53,43.6,16.93,2.95,5.3,1,0.226234338
05/08/2024,11/08/2024,2,August,2024,1258,0.53,43.6,16.93,2.95,5.3,1,0.226234338
12/08/2024,18/08/2024,3,August,2024,1189,0.53,43.6,16.93,2.95,5.3,1,0.226234338
19/08/2024,25/08/2024,4,August,2024,1276,0.53,43.6,16.93,2.95,5.3,1,0.226234338
26/08/2024,01/09/2024,5,August,2024,1240,0.53,43.6,16.93,2.95,5.3,1,0.226234338
02/09/2024,08/09/2024,1,September,2024,1274,0.53,43.6,16.93,2.95,5.8,1,0.463208538
09/09/2024,15/09/2024,2,September,2024,1204,0.53,43.6,16.93,2.95,5.8,1,0.463208538
16/09/2024,22/09/2024,3,September,2024,1180,0.53,43.6,16.93,2.95,5.8,1,0.463208538
23/09/2024,29/09/2024,4,September,2024,1156,0.53,43.6,16.93,2.95,5.8,1,0.463208538